{"name":"4068ca7e-06b5-4d83-a1e8-85ea10c503b1","id":"/providers/Microsoft.Flow/flows/4068ca7e-06b5-4d83-a1e8-85ea10c503b1","type":"Microsoft.Flow/flows","properties":{"apiId":"/providers/Microsoft.PowerApps/apis/shared_logicflows","displayName":"Send an e-mail to any audience from Power BI","definition":{"metadata":{"workflowEntityId":null,"processAdvisorMetadata":null,"flowChargedByPaygo":null,"flowclientsuspensionreason":"None","flowclientsuspensiontime":null,"flowclientsuspensionreasondetails":null,"creator":{"id":"67abb980-398e-4c87-a80c-851f2670a01c","type":"User","tenantId":"2efd699a-1922-4e69-b601-108008d28a2e"},"provisioningMethod":"FromDefinition","failureAlertSubscription":true,"clientLastModifiedTime":"2025-02-17T10:40:37.1842512Z","connectionKeySavedTimeKey":"2025-02-17T10:40:37.1842512Z"},"$schema":"https://schema.management.azure.com/providers/Microsoft.Logic/schemas/2016-06-01/workflowdefinition.json#","contentVersion":"1.0.0.0","parameters":{"$connections":{"defaultValue":{},"type":"Object"},"$authentication":{"defaultValue":{},"type":"SecureObject"}},"triggers":{"manual":{"splitOn":"@triggerBody()['rows']","metadata":{"operationMetadataId":"d3614b4c-821b-4328-a9bc-d1060c6a5232"},"type":"Request","kind":"ApiConnection","inputs":{"schema":{"type":"object","properties":{"rows":{"type":"array","items":{"type":"object","properties":{"entity":{"type":"object","properties":{"Power BI values":{"type":"array","items":{"type":"object","properties":{"release_year":{"title":"Power BI data release_year","type":"integer"},"show_id":{"title":"Power BI data show_id","type":"string"},"title":{"title":"Power BI data title","type":"string"},"type":{"title":"Power BI data type","type":"string"},"rating":{"title":"Power BI data rating","type":"string"},"description":{"title":"Power BI data description","type":"string"},"listed_in":{"title":"Power BI data listed_in","type":"string"},"duration":{"title":"Power BI data duration","type":"string"}},"required":[]}}},"required":["Power BI values"]}},"required":["entity"]}}},"required":["rows"]},"host":{"connection":{"name":"@parameters('$connections')['shared_powerbi']['connectionId']"},"api":{"runtimeUrl":"https://default-2efd699a-1922-4e69-b601-108008d28a2e.02.common.europe.azure-apihub.net/apim/powerbi"}},"operationId":"PowerBiButtonClicked","parameters":{"inputsPowerBiData":"{}","pbi_source":"powerAutomate"},"headersSchema":{"x-ms-user-name-encoded":{"title":"User name","type":"string","format":"byte","x-ms-dynamically-added":false}}}}},"actions":{"Send_an_email_(V2)":{"runAfter":{"Get_file_content_2":["Succeeded"]},"metadata":{"operationMetadataId":"f5cd7134-d770-453e-904a-5e34adf80331"},"type":"OpenApiConnection","inputs":{"host":{"apiId":"/providers/Microsoft.PowerApps/apis/shared_office365","connectionName":"shared_office365","operationId":"SendEmailV2"},"parameters":{"emailMessage/To":"Subhapratha.SIVARAMAKRISHNAN.2023@live.rhul.ac.uk","emailMessage/Subject":"Test Email from Power BI","emailMessage/Body":"<p>Hi ,<br>\nPlease find the link to the excel file.<br>\nThanks &amp; Regards,<br>\nSubhapratha<br>\n</p>","emailMessage/Attachments":[{"Name":"@outputs('Create_file')?['body/Name']","ContentBytes":"@body('Get_file_content_2')"}],"emailMessage/Importance":"Normal"},"authentication":"@parameters('$authentication')"}},"Select":{"runAfter":{},"metadata":{"operationMetadataId":"220fa025-b033-4426-b1b9-81d3380a1197"},"type":"Select","inputs":{"from":"@triggerBody()?['entity']?['Power BI values']","select":{"Title":"@item()?['title']","Genre":"@item()?['listed_in']","Type":"@item()?['type']","Duration":"@item()?['duration']","Rating":"@item()?['rating']"}}},"Get_file_content":{"runAfter":{"Select":["Succeeded"]},"metadata":{"b!Y5Nm1xqEhkySRJFdUQnzorLSbZNBULpCi9J2AaNM37q-arXBOoSKSJ_5Wxkz6teb.01RGMEPHVZF5YKCDKW5BFZ3A5VWBAVXL54":"/PBI Export.xlsx","operationMetadataId":"f9a0e886-f6f8-4a81-a96b-6eb24d35b34d"},"type":"OpenApiConnection","inputs":{"host":{"apiId":"/providers/Microsoft.PowerApps/apis/shared_onedriveforbusiness","connectionName":"shared_onedriveforbusiness","operationId":"GetFileContent"},"parameters":{"id":"b!Y5Nm1xqEhkySRJFdUQnzorLSbZNBULpCi9J2AaNM37q-arXBOoSKSJ_5Wxkz6teb.01RGMEPHVZF5YKCDKW5BFZ3A5VWBAVXL54","inferContentType":true},"authentication":"@parameters('$authentication')"}},"Create_file":{"runAfter":{"Get_file_content":["Succeeded"]},"metadata":{"operationMetadataId":"7372a6c3-444c-477a-8476-f7070981b3f9"},"type":"OpenApiConnection","inputs":{"host":{"apiId":"/providers/Microsoft.PowerApps/apis/shared_onedriveforbusiness","connectionName":"shared_onedriveforbusiness","operationId":"CreateFile"},"parameters":{"folderPath":"/","name":"@{formatDateTime(utcNow(),'dd-MM-yyyy')}-ExportExcel.xlsx","body":"@body('Get_file_content')"},"authentication":"@parameters('$authentication')"},"runtimeConfiguration":{"contentTransfer":{"transferMode":"Chunked"}}},"Create_table":{"runAfter":{"Create_file":["Succeeded"]},"metadata":{"operationMetadataId":"a5d4264e-4783-42c4-947c-4b17bfd1c5a6","tableId":null},"type":"OpenApiConnection","inputs":{"host":{"apiId":"/providers/Microsoft.PowerApps/apis/shared_excelonlinebusiness","connectionName":"shared_excelonlinebusiness","operationId":"CreateTable"},"parameters":{"source":"me","drive":"b!Y5Nm1xqEhkySRJFdUQnzorLSbZNBULpCi9J2AaNM37q-arXBOoSKSJ_5Wxkz6teb","file":"@outputs('Create_file')?['body/Id']","table/Range":"$A1:$E1","table/TableName":"NetflixAnalytics","table/ColumnsNames":"Title,Genre,Type,Duration,Rating"},"authentication":"@parameters('$authentication')"}},"Apply_to_each":{"foreach":"@body('Select')","actions":{"Add_a_row_into_a_table":{"runAfter":{},"metadata":{"operationMetadataId":"fb565998-a836-403e-bd24-15e01c6dfd39","tableId":"@outputs('Create_table')?['body/name']"},"type":"OpenApiConnection","inputs":{"host":{"apiId":"/providers/Microsoft.PowerApps/apis/shared_excelonlinebusiness","connectionName":"shared_excelonlinebusiness","operationId":"AddRowV2"},"parameters":{"source":"me","drive":"b!Y5Nm1xqEhkySRJFdUQnzorLSbZNBULpCi9J2AaNM37q-arXBOoSKSJ_5Wxkz6teb","file":"@outputs('Create_file')?['body/Id']","table":"@outputs('Create_table')?['body/name']","item":"@items('Apply_to_each')"},"authentication":"@parameters('$authentication')"}}},"runAfter":{"Create_table":["Succeeded"]},"metadata":{"operationMetadataId":"e825b31d-5724-4213-af47-3d58b082f667"},"type":"Foreach"},"Get_file_content_2":{"runAfter":{"Delay":["Succeeded"]},"metadata":{"operationMetadataId":"13a7946a-c79b-4e5d-b042-4c6a20935e53"},"type":"OpenApiConnection","inputs":{"host":{"apiId":"/providers/Microsoft.PowerApps/apis/shared_onedriveforbusiness","connectionName":"shared_onedriveforbusiness","operationId":"GetFileContent"},"parameters":{"id":"@outputs('Create_file')?['body/Id']","inferContentType":true},"authentication":"@parameters('$authentication')"}},"Delay":{"runAfter":{"Apply_to_each":["Succeeded"]},"metadata":{"operationMetadataId":"d771f124-3bf0-4c60-b099-09df0ed05e57"},"type":"Wait","inputs":{"interval":{"count":1,"unit":"Minute"}}}},"outputs":{},"description":"Send an e-mail to any audience from Power BI"},"connectionReferences":{"shared_powerbi":{"connectionName":"shared-powerbi-692c6885-cd41-4af0-b27e-1cdad59d4c7a","source":"Embedded","id":"/providers/Microsoft.PowerApps/apis/shared_powerbi","tier":"NotSpecified","apiName":"powerbi"},"shared_office365":{"connectionName":"shared-office365-20b5ad9f-4a02-4beb-8b35-f89cef5b17e1","source":"Embedded","id":"/providers/Microsoft.PowerApps/apis/shared_office365","tier":"NotSpecified","apiName":"office365"},"shared_onedriveforbusiness":{"connectionName":"shared-onedriveforbu-161d9e9f-1527-475c-ad25-75da75ab6fc7","source":"Embedded","id":"/providers/Microsoft.PowerApps/apis/shared_onedriveforbusiness","tier":"NotSpecified","apiName":"onedriveforbusiness"},"shared_excelonlinebusiness":{"connectionName":"shared-excelonlinebu-03c55aeb-9f3a-4067-951c-1a106c5fb5f5","source":"Embedded","id":"/providers/Microsoft.PowerApps/apis/shared_excelonlinebusiness","tier":"NotSpecified","apiName":"excelonlinebusiness"}},"flowFailureAlertSubscribed":false,"isManaged":false}}