{"schemaVersion":"1.0","appDefinitionTemplate":{"id":"/providers/Microsoft.PowerApps/apps/","type":"Microsoft.PowerApps/apps","tags":{"primaryDeviceWidth":"1366","primaryDeviceHeight":"768","supportsPortrait":"true","supportsLandscape":"true","primaryFormFactor":"Tablet","showStatusBar":"false","publisherVersion":"3.25021.9","minimumRequiredApiVersion":"2.2.0","hasComponent":"false","hasUnlockedComponent":"false","isUnifiedRootApp":"false","sienaVersion":"20250220T135751Z-3.25021.9.0"},"properties":{"appVersion":"2025-02-20T13:57:51Z","lifeCycleId":"Published","createdByClientVersion":{"major":3,"minor":25021,"build":9,"revision":0,"majorRevision":0,"minorRevision":0},"minClientVersion":{"major":3,"minor":25021,"build":9,"revision":0,"majorRevision":0,"minorRevision":0},"backgroundColor":"RGBA(0,176,240,1)","backgroundImageUri":"/10132803865977391455/N26dd548a-aa74-422e-855c-923ba438a067-logoSmallFile","displayName":"Netflix Movies","description":"","commitMessage":"","appUris":{"documentUri":{"value":"/10132803865977391455/N2ffe36b5-d3a1-41cc-889a-4af82784e4fe-document.msapp"},"imageUris":[],"additionalUris":[{"isSolutionAware":false,"value":"/10132803865977391455/Nf12726b1-4ede-4136-860a-1d66b57e366b-identity.json"}]},"createdTime":"0001-01-01T00:00:00Z","lastModifiedTime":"0001-01-01T00:00:00Z","sharedGroupsCount":0,"sharedUsersCount":0,"connectionReferences":{"710f1868-bae5-4105-968e-ee564ea0f645":{"id":"2af83632-be10-47c0-a11b-593b8dd3d064","displayName":"Power BI","iconUri":"https://conn-afd-prod-endpoint-bmc9bqahasf3grgk.b01.azurefd.net/releases/v1.0.1732/1.0.1732.4070/powerbi/icon.png","dataSources":["PowerBI"],"dependencies":[],"dependents":[],"parameterHints":{},"parameterHintsV2":{},"isOnPremiseConnection":false,"bypassConsent":false,"dataSets":{},"apiTier":"Standard","isCustomApiConnection":false},"33a47226-d0dc-49d3-8e50-d3a2eb944a91":{"id":"cc9efe71-d069-4163-a933-cfc42e0f2d93","displayName":"Excel","iconUri":"https://conn-afd-prod-endpoint-bmc9bqahasf3grgk.b01.azurefd.net/releases/v1.0.1718/1.0.1718.3944/excel/icon.png","dataSources":["Netflix"],"dependencies":["f67066eb-7034-4f89-94d2-b1a8a5b943ce"],"dependents":[],"parameterHints":{"f67066eb-7034-4f89-94d2-b1a8a5b943ce":{"value":"fileSource"}},"parameterHintsV2":{"fileSource":{"value":"f67066eb-7034-4f89-94d2-b1a8a5b943ce"}},"isOnPremiseConnection":false,"bypassConsent":false,"dataSets":{"b!Y5Nm1xqEhkySRJFdUQnzorLSbZNBULpCi9J2AaNM37q-arXBOoSKSJ_5Wxkz6teb.01RGMEPHTABZJZTZ342VEZJTHFX5ACX6XG":{"dataSources":{"Netflix":{"tableName":"Netflix"}}}},"apiTier":"Standard","isCustomApiConnection":false,"actions":["providers/PowerPlatform.Governance/Operations/Read","providers/PowerPlatform.Governance/Operations/Write"]},"f67066eb-7034-4f89-94d2-b1a8a5b943ce":{"id":"e4bc42c1-fc58-43d4-85fc-2fb6498b9de6","displayName":"OneDrive for Business","iconUri":"https://conn-afd-prod-endpoint-bmc9bqahasf3grgk.b01.azurefd.net/releases/v1.0.1732/1.0.1732.4070/onedriveforbusiness/icon.png","dataSources":[],"dependencies":[],"dependents":["33a47226-d0dc-49d3-8e50-d3a2eb944a91"],"parameterHints":{},"parameterHintsV2":{},"isOnPremiseConnection":false,"bypassConsent":false,"dataSets":{},"apiTier":"Standard","isCustomApiConnection":false}},"authorizationReferences":[{"resourceId":"powerbi"}],"databaseReferences":{},"almMode":"Environment","performanceOptimizationEnabled":true,"canConsumeAppPass":false,"enableModernRuntimeMode":false,"executionRestrictions":{"isTeamsOnly":false,"dataLossPreventionEvaluationResult":{"status":"Compliant","lastEvaluationDate":"2025-02-18T10:28:43.4171082Z","violations":[],"violationsByPolicy":[],"violationErrorMessage":"The app uses the following connectors: shared_powerbi, shared_excel, shared_onedriveforbusiness."}}},"isAppComponentLibrary":false,"appType":"ClassicCanvasApp","appComponents":[]}}